Scanner,Symbol
ZRXUSDTPERP,ZRXUSDT
ZRXUSDT,ZRXUSDT
ZILUSDTPERP,ZILUSDT
ZILUSDT,ZILUSDT
ZENUSDTPERP,ZENUSDT
ZENUSDT,ZENUSDT
ZECUSDTPERP,ZECUSDT
ZECUSDT,ZECUSDT
YFIUSDTPERP,YFIUSDT
YFIUSDT,YFIUSDT
YFIIUSDTPERP,YFIIUSDT
YFIIUSDT,YFIIUSDT
XTZUSDTPERP,XTZUSDT
XTZUSDT,XTZUSDT
XRPUSDTPERP,XRPUSDT
XRPUSDT,XRPUSDT
XMRUSDTPERP,XMRUSDT
XMRUSDT,XMRUSDT
XLMUSDTPERP,XLMUSDT
XLMUSDT,XLMUSDT
XEMUSDTPERP,XEMUSDT
XEMUSDT,XEMUSDT
WAVESUSDTPERP,WAVESUSDT
WAVESUSDT,WAVESUSDT
VETUSDTPERP,VETUSDT
VETUSDT,VETUSDT
UNIUSDTPERP,UNIUSDT
UNIUSDT,UNIUSDT
UNFIUSDTPERP,UNFIUSDT
UNFIUSDT,UNFIUSDT
TRXUSDTPERP,TRXUSDT
TRXUSDT,TRXUSDT
TOMOUSDTPERP,TOMOUSDT
TOMOUSDT,TOMOUSDT
TLMUSDTPERP,TLMUSDT
TLMUSDT,TLMUSDT
THETAUSDTPERP,THETAUSDT
THETAUSDT,THETAUSDT
SXPUSDTPERP,SXPUSDT
SXPUSDT,SXPUSDT
SUSHIUSDTPERP,SUSHIUSDT
SUSHIUSDT,SUSHIUSDT
STORJUSDTPERP,STORJUSDT
STORJUSDT,STORJUSDT
STMXUSDTPERP,STMXUSDT
STMXUSDT,STMXUSDT
SRMUSDTPERP,SRMUSDT
SRMUSDT,SRMUSDT
SOLUSDTPERP,SOLUSDT
SOLUSDT,SOLUSDT
SNXUSDTPERP,SNXUSDT
SNXUSDT,SNXUSDT
SKLUSDTPERP,SKLUSDT
SKLUSDT,SKLUSDT
SFPUSDTPERP,SFPUSDT
SFPUSDT,SFPUSDT
SCUSDTPERP,SCUSDT
SCUSDT,SCUSDT
SANDUSDTPERP,SANDUSDT
SANDUSDT,SANDUSDT
RVNUSDTPERP,RVNUSDT
RVNUSDT,RVNUSDT
RUNEUSDTPERP,RUNEUSDT
RUNEUSDT,RUNEUSDT
RSRUSDTPERP,RSRUSDT
RSRUSDT,RSRUSDT
ROSEUSDTPERP,ROSEUSDT
ROSEUSDT,ROSEUSDT
RLCUSDTPERP,RLCUSDT
RLCUSDT,RLCUSDT
RENUSDTPERP,RENUSDT
RENUSDT,RENUSDT
REEFUSDTPERP,REEFUSDT
REEFUSDT,REEFUSDT
RAYUSDTPERP,RAYUSDT
RAYUSDT,RAYUSDT
QTUMUSDTPERP,QTUMUSDT
QTUMUSDT,QTUMUSDT
PEOPLEUSDTPERP,PEOPLEUSDT
PEOPLEUSDT,PEOPLEUSDT
ONTUSDTPERP,ONTUSDT
ONTUSDT,ONTUSDT
ONEUSDTPERP,ONEUSDT
ONEUSDT,ONEUSDT
OMGUSDTPERP,OMGUSDT
OMGUSDT,OMGUSDT
OGNUSDTPERP,OGNUSDT
OGNUSDT,OGNUSDT
OCEANUSDTPERP,OCEANUSDT
OCEANUSDT,OCEANUSDT
NKNUSDTPERP,NKNUSDT
NKNUSDT,NKNUSDT
NEOUSDTPERP,NEOUSDT
NEOUSDT,NEOUSDT
NEARUSDTPERP,NEARUSDT
NEARUSDT,NEARUSDT
MTLUSDTPERP,MTLUSDT
MTLUSDT,MTLUSDT
MKRUSDTPERP,MKRUSDT
MKRUSDT,MKRUSDT
MATICUSDTPERP,MATICUSDT
MATICUSDT,MATICUSDT
MASKUSDTPERP,MASKUSDT
MASKUSDT,MASKUSDT
MANAUSDTPERP,MANAUSDT
MANAUSDT,MANAUSDT
LUNAUSDTPERP,LUNAUSDT
LUNAUSDT,LUNAUSDT
LTCUSDTPERP,LTCUSDT
LTCUSDT,LTCUSDT
LRCUSDTPERP,LRCUSDT
LRCUSDT,LRCUSDT
LPTUSDTPERP,LPTUSDT
LPTUSDT,LPTUSDT
LITUSDTPERP,LITUSDT
LITUSDT,LITUSDT
LINKUSDTPERP,LINKUSDT
LINKUSDT,LINKUSDT
LINAUSDTPERP,LINAUSDT
LINAUSDT,LINAUSDT
KSMUSDTPERP,KSMUSDT
KSMUSDT,KSMUSDT
KNCUSDTPERP,KNCUSDT
KNCUSDT,KNCUSDT
KLAYUSDTPERP,KLAYUSDT
KLAYUSDT,KLAYUSDT
KAVAUSDTPERP,KAVAUSDT
KAVAUSDT,KAVAUSDT
IOTXUSDTPERP,IOTXUSDT
IOTXUSDT,IOTXUSDT
IOTAUSDTPERP,IOTAUSDT
IOTAUSDT,IOTAUSDT
IOSTUSDTPERP,IOSTUSDT
IOSTUSDT,IOSTUSDT
IMXUSDTPERP,IMXUSDT
IMXUSDT,IMXUSDT
ICXUSDTPERP,ICXUSDT
ICXUSDT,ICXUSDT
ICPUSDTPERP,ICPUSDT
ICPUSDT,ICPUSDT
HOTUSDTPERP,HOTUSDT
HOTUSDT,HOTUSDT
HNTUSDTPERP,HNTUSDT
HNTUSDT,HNTUSDT
HBARUSDTPERP,HBARUSDT
HBARUSDT,HBARUSDT
GTCUSDTPERP,GTCUSDT
GTCUSDT,GTCUSDT
GRTUSDTPERP,GRTUSDT
GRTUSDT,GRTUSDT
GALAUSDTPERP,GALAUSDT
GALAUSDT,GALAUSDT
FTMUSDTPERP,FTMUSDT
FTMUSDT,FTMUSDT
FLOWUSDTPERP,FLOWUSDT
FLOWUSDT,FLOWUSDT
FLMUSDTPERP,FLMUSDT
FLMUSDT,FLMUSDT
FILUSDTPERP,FILUSDT
FILUSDT,FILUSDT
ETHUSDTPERP,ETHUSDT
ETHUSDT,ETHUSDT
ETCUSDTPERP,ETCUSDT
ETCUSDT,ETCUSDT
EOSUSDTPERP,EOSUSDT
EOSUSDT,EOSUSDT
ENSUSDTPERP,ENSUSDT
ENSUSDT,ENSUSDT
ENJUSDTPERP,ENJUSDT
ENJUSDT,ENJUSDT
EGLDUSDTPERP,EGLDUSDT
EGLDUSDT,EGLDUSDT
DYDXUSDTPERP,DYDXUSDT
DYDXUSDT,DYDXUSDT
DUSKUSDTPERP,DUSKUSDT
DUSKUSDT,DUSKUSDT
DOTUSDTPERP,DOTUSDT
DOTUSDT,DOTUSDT
DOGEUSDTPERP,DOGEUSDT
DOGEUSDT,DOGEUSDT
DODOUSDTPERP,DODOUSDT
DODOUSDT,DODOUSDT
DENTUSDTPERP,DENTUSDT
DENTUSDT,DENTUSDT
DEFIUSDTPERP,DEFIUSDT
DEFIUSDT,DEFIUSDT
DASHUSDTPERP,DASHUSDT
DASHUSDT,DASHUSDT
DGBUSDT, DGBUSDT
DGBUSDTPERP,DGBUSDT
CVCUSDTPERP,CVCUSDT
CVCUSDT,CVCUSDT
CTSIUSDTPERP,CTSIUSDT
CTSIUSDT,CTSIUSDT
CTKUSDTPERP,CTKUSDT
CTKUSDT,CTKUSDT
CRVUSDTPERP,CRVUSDT
CRVUSDT,CRVUSDT
COTIUSDTPERP,COTIUSDT
COTIUSDT,COTIUSDT
COMPUSDTPERP,COMPUSDT
COMPUSDT,COMPUSDT
CHZUSDTPERP,CHZUSDT
CHZUSDT,CHZUSDT
CHRUSDTPERP,CHRUSDT
CHRUSDT,CHRUSDT
CELRUSDTPERP,CELRUSDT
CELRUSDT,CELRUSDT
CELOUSDTPERP,CELOUSDT
CELOUSDT,CELOUSDT
C98USDTPERP,C98USDT
C98USDT,C98USDT
BTSUSDTPERP,BTSUSDT
BTSUSDT,BTSUSDT
BTCUSDTPERP,BTCUSDT
BTCUSDT,BTCUSDT
BLZUSDTPERP,BLZUSDT
BLZUSDT,BLZUSDT
BELUSDTPERP,BELUSDT
BELUSDT,BELUSDT
BCHUSDTPERP,BCHUSDT
BCHUSDT,BCHUSDT
BATUSDTPERP,BATUSDT
BATUSDT,BATUSDT
BANDUSDTPERP,BANDUSDT
BANDUSDT,BANDUSDT
BALUSDTPERP,BALUSDT
BALUSDT,BALUSDT
BAKEUSDTPERP,BAKEUSDT
BAKEUSDT,BAKEUSDT
AXSUSDTPERP,AXSUSDT
AXSUSDT,AXSUSDT
AVAXUSDTPERP,AVAXUSDT
AVAXUSDT,AVAXUSDT
AUDIOUSDTPERP,AUDIOUSDT
AUDIOUSDT,AUDIOUSDT
ATOMUSDTPERP,ATOMUSDT
ATOMUSDT,ATOMUSDT
ATAUSDTPERP,ATAUSDT
ATAUSDT,ATAUSDT
ARUSDTPERP,ARUSDT
ARUSDT,ARUSDT
ARPAUSDTPERP,ARPAUSDT
ARPAUSDT,ARPAUSDT
API3USDTPERP,API3USDT
API3USDT,API3USDT
ANTUSDTPERP,ANTUSDT
ANTUSDT,ANTUSDT
ANKRUSDTPERP,ANKRUSDT
ANKRUSDT,ANKRUSDT
ALPHAUSDTPERP,ALPHAUSDT
ALPHAUSDT,ALPHAUSDT
ALICEUSDTPERP,ALICEUSDT
ALICEUSDT,ALICEUSDT
ALGOUSDTPERP,ALGOUSDT
ALGOUSDT,ALGOUSDT
AKROUSDTPERP,AKROUSDT
AKROUSDT,AKROUSDT
ADAUSDTPERP,ADAUSDT
ADAUSDT,ADAUSDT
AAVEUSDTPERP,AAVEUSDT
AAVEUSDT,AAVEUSDT
1INCHUSDTPERP,1INCHUSDT
1INCHUSDT,1INCHUSDT
1000XECUSDTPERP,1000XECUSDT
XECUSDT,1000XECUSDT
1000XECUSDT,1000XECUSDT
1000BTTCUSDTPERP,1000BTTCUSDT
BTTCUSDT,1000BTTCUSDT
1000BTTCUSDT,1000BTTCUSDT
1000SHIBUSDT,1000SHIBUSDT
SHIBUSDT,1000SHIBUSDT
1000SHIBUSDTPERP,1000SHIBUSDT